"variable","type","show_balance","match","adjust","match_sd","display_order","level_order"
"fac_sev_hb","cat",TRUE,TRUE,FALSE,FALSE,1,"Mild|Moderate|Severe"
"fac_tar_jnt_lead","cat",TRUE,TRUE,FALSE,FALSE,2,"No|Yes"
"fac_prior_treatment","cat",TRUE,FALSE,TRUE,FALSE,3,"Standard half-life|Extended half-life|Other"
"fac_color_sld_extra","cat",TRUE,FALSE,FALSE,FALSE,4,"Blue|Red|Yellow"
"fac_color_ipd_extra","cat",TRUE,FALSE,FALSE,FALSE,5,"Blue|Red"
"fac_color_missing_both","cat",TRUE,FALSE,FALSE,FALSE,6,"Blue|Red"
"fac_age","con",TRUE,TRUE,FALSE,TRUE,7,""
"fac_bmi","con",TRUE,FALSE,TRUE,FALSE,8,""
"fac_weight","con",TRUE,FALSE,FALSE,FALSE,9,""
"fac_height","con",TRUE,FALSE,FALSE,FALSE,10,""
"fac_egfr","con",TRUE,FALSE,TRUE,FALSE,11,""
